Date,Price,Car Type,Avg Price,Last 30 days,Last 90 days,YoY Change
07-26-2014,88050.0,2015 M3,37424,-0.97,-1.26,-3.4
09-05-2014,86574.0,2015 M3,37424,-0.97,-1.26,-3.4
10-16-2014,70219.2205882353,2015 M3,37424,-0.97,-1.26,-3.4
11-26-2014,75079.88040123456,2015 M3,37424,-0.97,-1.26,-3.4
01-06-2015,75674.49185823755,2015 M3,37424,-0.97,-1.26,-3.4
02-16-2015,74208.98369874715,2015 M3,37424,-0.97,-1.26,-3.4
03-29-2015,73044.27267530488,2015 M3,37424,-0.97,-1.26,-3.4
05-09-2015,72735.55610709988,2015 M3,37424,-0.97,-1.26,-3.4
06-19-2015,71917.18171296296,2015 M3,37424,-0.97,-1.26,-3.4
07-30-2015,70093.94598142165,2015 M3,37424,-0.97,-1.26,-3.4
09-09-2015,69694.83285052143,2015 M3,37424,-0.97,-1.26,-3.4
10-20-2015,69013.11168132942,2015 M3,37424,-0.97,-1.26,-3.4
11-30-2015,68853.85493587253,2015 M3,37424,-0.97,-1.26,-3.4
01-10-2016,68235.99425634825,2015 M3,37424,-0.97,-1.26,-3.4
02-20-2016,65846.84371013014,2015 M3,37424,-0.97,-1.26,-3.4
04-01-2016,65181.48553392951,2015 M3,37424,-0.97,-1.26,-3.4
05-12-2016,66143.80369169368,2015 M3,37424,-0.97,-1.26,-3.4
06-22-2016,66187.70780141844,2015 M3,37424,-0.97,-1.26,-3.4
08-02-2016,64996.35077692445,2015 M3,37424,-0.97,-1.26,-3.4
09-12-2016,63397.64343486491,2015 M3,37424,-0.97,-1.26,-3.4
10-23-2016,62066.20265151515,2015 M3,37424,-0.97,-1.26,-3.4
12-03-2016,60247.38245552843,2015 M3,37424,-0.97,-1.26,-3.4
01-13-2017,59233.38608275121,2015 M3,37424,-0.97,-1.26,-3.4
02-23-2017,58074.24094960888,2015 M3,37424,-0.97,-1.26,-3.4
04-05-2017,56760.97656765676,2015 M3,37424,-0.97,-1.26,-3.4
05-16-2017,56713.80042527339,2015 M3,37424,-0.97,-1.26,-3.4
06-26-2017,56829.91852752598,2015 M3,37424,-0.97,-1.26,-3.4
08-06-2017,55812.439489267206,2015 M3,37424,-0.97,-1.26,-3.4
09-16-2017,54654.62006602555,2015 M3,37424,-0.97,-1.26,-3.4
10-27-2017,53776.80928208847,2015 M3,37424,-0.97,-1.26,-3.4
12-07-2017,51209.094816358425,2015 M3,37424,-0.97,-1.26,-3.4
01-17-2018,50734.471688637794,2015 M3,37424,-0.97,-1.26,-3.4
02-27-2018,49969.85241035384,2015 M3,37424,-0.97,-1.26,-3.4
04-09-2018,50117.37274201019,2015 M3,37424,-0.97,-1.26,-3.4
05-20-2018,50065.386638171345,2015 M3,37424,-0.97,-1.26,-3.4
06-30-2018,50042.30873739017,2015 M3,37424,-0.97,-1.26,-3.4
08-10-2018,49734.22662406816,2015 M3,37424,-0.97,-1.26,-3.4
09-20-2018,49210.76232679187,2015 M3,37424,-0.97,-1.26,-3.4
10-31-2018,48020.730200945625,2015 M3,37424,-0.97,-1.26,-3.4
12-11-2018,46567.74519062609,2015 M3,37424,-0.97,-1.26,-3.4
01-21-2019,45746.2801530153,2015 M3,37424,-0.97,-1.26,-3.4
03-03-2019,44788.775340393346,2015 M3,37424,-0.97,-1.26,-3.4
04-13-2019,43633.6240352065,2015 M3,37424,-0.97,-1.26,-3.4
05-24-2019,43044.78416264389,2015 M3,37424,-0.97,-1.26,-3.4
07-04-2019,43254.01148249204,2015 M3,37424,-0.97,-1.26,-3.4
08-14-2019,43108.14191908494,2015 M3,37424,-0.97,-1.26,-3.4
09-24-2019,42758.11598460292,2015 M3,37424,-0.97,-1.26,-3.4
11-04-2019,42385.269335569064,2015 M3,37424,-0.97,-1.26,-3.4
12-15-2019,41246.62934196332,2015 M3,37424,-0.97,-1.26,-3.4
01-25-2020,40828.37069551427,2015 M3,37424,-0.97,-1.26,-3.4
03-06-2020,41423.70240345666,2015 M3,37424,-0.97,-1.26,-3.4
04-16-2020,40768.80687593423,2015 M3,37424,-0.97,-1.26,-3.4
05-27-2020,39470.568425897516,2015 M3,37424,-0.97,-1.26,-3.4
07-07-2020,38986.00301305658,2015 M3,37424,-0.97,-1.26,-3.4
08-17-2020,39537.46085858586,2015 M3,37424,-0.97,-1.26,-3.4
09-27-2020,40232.49287840136,2015 M3,37424,-0.97,-1.26,-3.4
11-07-2020,41615.86445389143,2015 M3,37424,-0.97,-1.26,-3.4
12-18-2020,41690.41846819024,2015 M3,37424,-0.97,-1.26,-3.4
01-28-2021,41038.102778800145,2015 M3,37424,-0.97,-1.26,-3.4
03-10-2021,40440.96367202092,2015 M3,37424,-0.97,-1.26,-3.4
04-20-2021,41289.411857578394,2015 M3,37424,-0.97,-1.26,-3.4
05-31-2021,43630.84221049264,2015 M3,37424,-0.97,-1.26,-3.4
07-11-2021,45697.11125611745,2015 M3,37424,-0.97,-1.26,-3.4
08-21-2021,45729.93026627999,2015 M3,37424,-0.97,-1.26,-3.4
10-01-2021,45608.00091407678,2015 M3,37424,-0.97,-1.26,-3.4
11-11-2021,46377.07447795824,2015 M3,37424,-0.97,-1.26,-3.4
12-22-2021,47400.1431018936,2015 M3,37424,-0.97,-1.26,-3.4
02-01-2022,47930.71185923515,2015 M3,37424,-0.97,-1.26,-3.4
03-14-2022,47385.7387052611,2015 M3,37424,-0.97,-1.26,-3.4
04-24-2022,46570.01836130306,2015 M3,37424,-0.97,-1.26,-3.4
06-04-2022,47171.92617373554,2015 M3,37424,-0.97,-1.26,-3.4
07-15-2022,46547.732713100326,2015 M3,37424,-0.97,-1.26,-3.4
08-25-2022,45812.63511717806,2015 M3,37424,-0.97,-1.26,-3.4
10-05-2022,45554.246342672945,2015 M3,37424,-0.97,-1.26,-3.4
11-15-2022,44902.59418808411,2015 M3,37424,-0.97,-1.26,-3.4
12-26-2022,43389.21412916423,2015 M3,37424,-0.97,-1.26,-3.4
02-05-2023,42476.22766505148,2015 M3,37424,-0.97,-1.26,-3.4
03-18-2023,41682.083511586454,2015 M3,37424,-0.97,-1.26,-3.4
04-28-2023,42636.96749036102,2015 M3,37424,-0.97,-1.26,-3.4
06-08-2023,42452.44834017158,2015 M3,37424,-0.97,-1.26,-3.4
07-19-2023,41965.23590909091,2015 M3,37424,-0.97,-1.26,-3.4
08-29-2023,41626.51517690875,2015 M3,37424,-0.97,-1.26,-3.4
10-09-2023,41961.32937654831,2015 M3,37424,-0.97,-1.26,-3.4
11-19-2023,41515.85258264463,2015 M3,37424,-0.97,-1.26,-3.4
12-30-2023,39290.54344380403,2015 M3,37424,-0.97,-1.26,-3.4
02-09-2024,37591.67250740375,2015 M3,37424,-0.97,-1.26,-3.4
03-21-2024,37227.38188444924,2015 M3,37424,-0.97,-1.26,-3.4
05-01-2024,37685.20318825911,2015 M3,37424,-0.97,-1.26,-3.4
06-11-2024,37395.38043478261,2015 M3,37424,-0.97,-1.26,-3.4
07-22-2024,38384.31497175141,2015 M3,37424,-0.97,-1.26,-3.4
09-01-2024,38908.209360730594,2015 M3,37424,-0.97,-1.26,-3.4
10-12-2024,37921.60352521196,2015 M3,37424,-0.97,-1.26,-3.4
11-22-2024,37556.73548187809,2015 M3,37424,-0.97,-1.26,-3.4
04-20-2021,85912.11111111111,2021 M3,70176,-1.95,-2.25,-4.82
05-31-2021,84796.09308226495,2021 M3,70176,-1.95,-2.25,-4.82
07-11-2021,82545.59311440677,2021 M3,70176,-1.95,-2.25,-4.82
08-21-2021,82950.84102564103,2021 M3,70176,-1.95,-2.25,-4.82
10-01-2021,89003.8468866171,2021 M3,70176,-1.95,-2.25,-4.82
11-11-2021,93859.43798524844,2021 M3,70176,-1.95,-2.25,-4.82
12-22-2021,95764.81004998685,2021 M3,70176,-1.95,-2.25,-4.82
02-01-2022,95441.95216296635,2021 M3,70176,-1.95,-2.25,-4.82
03-14-2022,93864.49724487547,2021 M3,70176,-1.95,-2.25,-4.82
04-24-2022,91707.41829371816,2021 M3,70176,-1.95,-2.25,-4.82
06-04-2022,90536.4759090909,2021 M3,70176,-1.95,-2.25,-4.82
07-15-2022,90994.96347363328,2021 M3,70176,-1.95,-2.25,-4.82
08-25-2022,90359.37901527119,2021 M3,70176,-1.95,-2.25,-4.82
10-05-2022,87180.46022590723,2021 M3,70176,-1.95,-2.25,-4.82
11-15-2022,84569.74773804395,2021 M3,70176,-1.95,-2.25,-4.82
12-26-2022,82386.6204906205,2021 M3,70176,-1.95,-2.25,-4.82
02-05-2023,81331.79942583732,2021 M3,70176,-1.95,-2.25,-4.82
03-18-2023,80320.22448320413,2021 M3,70176,-1.95,-2.25,-4.82
04-28-2023,80220.346921797,2021 M3,70176,-1.95,-2.25,-4.82
06-08-2023,78526.63735119048,2021 M3,70176,-1.95,-2.25,-4.82
07-19-2023,78475.58530096442,2021 M3,70176,-1.95,-2.25,-4.82
08-29-2023,78094.46921549155,2021 M3,70176,-1.95,-2.25,-4.82
10-09-2023,76473.30079470198,2021 M3,70176,-1.95,-2.25,-4.82
11-19-2023,75334.11607615018,2021 M3,70176,-1.95,-2.25,-4.82
12-30-2023,74001.89477557027,2021 M3,70176,-1.95,-2.25,-4.82
02-09-2024,72145.70656988189,2021 M3,70176,-1.95,-2.25,-4.82
03-21-2024,71302.89236201935,2021 M3,70176,-1.95,-2.25,-4.82
05-01-2024,71418.44619000495,2021 M3,70176,-1.95,-2.25,-4.82
06-11-2024,71385.45910440941,2021 M3,70176,-1.95,-2.25,-4.82
07-22-2024,71395.28127068166,2021 M3,70176,-1.95,-2.25,-4.82
09-01-2024,71287.69204685574,2021 M3,70176,-1.95,-2.25,-4.82
10-12-2024,71890.86161658909,2021 M3,70176,-1.95,-2.25,-4.82
11-22-2024,72020.9941162898,2021 M3,70176,-1.95,-2.25,-4.82
01-02-2014,24837.83439933259,2006 M3,32882,-9.27,-9.29,-10.29
02-12-2014,24354.591258683427,2006 M3,32882,-9.27,-9.29,-10.29
03-25-2014,24360.489432260347,2006 M3,32882,-9.27,-9.29,-10.29
05-05-2014,25117.121901939656,2006 M3,32882,-9.27,-9.29,-10.29
06-15-2014,24784.807630368097,2006 M3,32882,-9.27,-9.29,-10.29
07-26-2014,25061.620990433315,2006 M3,32882,-9.27,-9.29,-10.29
09-05-2014,24292.198126911317,2006 M3,32882,-9.27,-9.29,-10.29
10-16-2014,23538.342000611807,2006 M3,32882,-9.27,-9.29,-10.29
11-26-2014,23214.938235294117,2006 M3,32882,-9.27,-9.29,-10.29
01-06-2015,23203.845199443414,2006 M3,32882,-9.27,-9.29,-10.29
02-16-2015,22925.635303687635,2006 M3,32882,-9.27,-9.29,-10.29
03-29-2015,22582.33496703678,2006 M3,32882,-9.27,-9.29,-10.29
05-09-2015,22965.3124024961,2006 M3,32882,-9.27,-9.29,-10.29
06-19-2015,23255.92763359951,2006 M3,32882,-9.27,-9.29,-10.29
07-30-2015,23524.362455330553,2006 M3,32882,-9.27,-9.29,-10.29
09-09-2015,22354.62392857143,2006 M3,32882,-9.27,-9.29,-10.29
10-20-2015,21718.043556491037,2006 M3,32882,-9.27,-9.29,-10.29
11-30-2015,21061.301046269822,2006 M3,32882,-9.27,-9.29,-10.29
01-10-2016,20757.000433168316,2006 M3,32882,-9.27,-9.29,-10.29
02-20-2016,20265.26919450431,2006 M3,32882,-9.27,-9.29,-10.29
04-01-2016,19965.130393939395,2006 M3,32882,-9.27,-9.29,-10.29
05-12-2016,20545.668792633016,2006 M3,32882,-9.27,-9.29,-10.29
06-22-2016,20115.81762295082,2006 M3,32882,-9.27,-9.29,-10.29
08-02-2016,20051.024810366624,2006 M3,32882,-9.27,-9.29,-10.29
09-12-2016,19655.661788799523,2006 M3,32882,-9.27,-9.29,-10.29
10-23-2016,18948.201535443724,2006 M3,32882,-9.27,-9.29,-10.29
12-03-2016,19001.09833333333,2006 M3,32882,-9.27,-9.29,-10.29
01-13-2017,18944.24864735837,2006 M3,32882,-9.27,-9.29,-10.29
02-23-2017,18594.12196867632,2006 M3,32882,-9.27,-9.29,-10.29
04-05-2017,19197.471653225806,2006 M3,32882,-9.27,-9.29,-10.29
05-16-2017,19358.9620375895,2006 M3,32882,-9.27,-9.29,-10.29
06-26-2017,19511.446188038793,2006 M3,32882,-9.27,-9.29,-10.29
08-06-2017,19274.263461538463,2006 M3,32882,-9.27,-9.29,-10.29
09-16-2017,21104.464093011306,2006 M3,32882,-9.27,-9.29,-10.29
10-27-2017,21245.337150049116,2006 M3,32882,-9.27,-9.29,-10.29
12-07-2017,20450.299696969698,2006 M3,32882,-9.27,-9.29,-10.29
01-17-2018,19915.660450516985,2006 M3,32882,-9.27,-9.29,-10.29
02-27-2018,18685.094399810965,2006 M3,32882,-9.27,-9.29,-10.29
04-09-2018,19066.239142989143,2006 M3,32882,-9.27,-9.29,-10.29
05-20-2018,19137.425142999255,2006 M3,32882,-9.27,-9.29,-10.29
06-30-2018,19438.4548553719,2006 M3,32882,-9.27,-9.29,-10.29
08-10-2018,19454.63922604035,2006 M3,32882,-9.27,-9.29,-10.29
09-20-2018,19162.76960438008,2006 M3,32882,-9.27,-9.29,-10.29
10-31-2018,19151.720023777172,2006 M3,32882,-9.27,-9.29,-10.29
12-11-2018,18956.90569752491,2006 M3,32882,-9.27,-9.29,-10.29
01-21-2019,18667.615650122334,2006 M3,32882,-9.27,-9.29,-10.29
03-03-2019,18454.888418347924,2006 M3,32882,-9.27,-9.29,-10.29
04-13-2019,17950.36920849421,2006 M3,32882,-9.27,-9.29,-10.29
05-24-2019,18183.729757302404,2006 M3,32882,-9.27,-9.29,-10.29
07-04-2019,18607.69945818739,2006 M3,32882,-9.27,-9.29,-10.29
08-14-2019,18732.0521795902,2006 M3,32882,-9.27,-9.29,-10.29
09-24-2019,19083.149920571883,2006 M3,32882,-9.27,-9.29,-10.29
11-04-2019,19506.755136605952,2006 M3,32882,-9.27,-9.29,-10.29
12-15-2019,19369.950740200165,2006 M3,32882,-9.27,-9.29,-10.29
01-25-2020,19559.575313211844,2006 M3,32882,-9.27,-9.29,-10.29
03-06-2020,20711.531483457846,2006 M3,32882,-9.27,-9.29,-10.29
04-16-2020,22658.785807692308,2006 M3,32882,-9.27,-9.29,-10.29
05-27-2020,23214.03320523193,2006 M3,32882,-9.27,-9.29,-10.29
07-07-2020,23181.93630636605,2006 M3,32882,-9.27,-9.29,-10.29
08-17-2020,23644.65881147541,2006 M3,32882,-9.27,-9.29,-10.29
09-27-2020,24348.307489262705,2006 M3,32882,-9.27,-9.29,-10.29
11-07-2020,24411.74162323157,2006 M3,32882,-9.27,-9.29,-10.29
12-18-2020,22299.472996648386,2006 M3,32882,-9.27,-9.29,-10.29
01-28-2021,22763.476602330662,2006 M3,32882,-9.27,-9.29,-10.29
03-10-2021,25496.48407643312,2006 M3,32882,-9.27,-9.29,-10.29
04-20-2021,28138.41940905874,2006 M3,32882,-9.27,-9.29,-10.29
05-31-2021,27636.88431346461,2006 M3,32882,-9.27,-9.29,-10.29
07-11-2021,26287.497844827587,2006 M3,32882,-9.27,-9.29,-10.29
08-21-2021,25407.40864520958,2006 M3,32882,-9.27,-9.29,-10.29
10-01-2021,26398.49381377551,2006 M3,32882,-9.27,-9.29,-10.29
11-11-2021,27209.847542964555,2006 M3,32882,-9.27,-9.29,-10.29
12-22-2021,27019.911036036036,2006 M3,32882,-9.27,-9.29,-10.29
02-01-2022,28646.174617196702,2006 M3,32882,-9.27,-9.29,-10.29
03-14-2022,29980.1725669413,2006 M3,32882,-9.27,-9.29,-10.29
04-24-2022,29300.895791457286,2006 M3,32882,-9.27,-9.29,-10.29
06-04-2022,30804.90608369618,2006 M3,32882,-9.27,-9.29,-10.29
07-15-2022,31119.322815533982,2006 M3,32882,-9.27,-9.29,-10.29
08-25-2022,31593.857098612487,2006 M3,32882,-9.27,-9.29,-10.29
10-05-2022,34806.80342199641,2006 M3,32882,-9.27,-9.29,-10.29
11-15-2022,34802.83514600715,2006 M3,32882,-9.27,-9.29,-10.29
12-26-2022,32387.36357319333,2006 M3,32882,-9.27,-9.29,-10.29
02-05-2023,32603.96445530726,2006 M3,32882,-9.27,-9.29,-10.29
03-18-2023,30970.933696348493,2006 M3,32882,-9.27,-9.29,-10.29
04-28-2023,30035.37285012285,2006 M3,32882,-9.27,-9.29,-10.29
06-08-2023,29631.40914720453,2006 M3,32882,-9.27,-9.29,-10.29
07-19-2023,30080.788344051445,2006 M3,32882,-9.27,-9.29,-10.29
08-29-2023,34745.63061029009,2006 M3,32882,-9.27,-9.29,-10.29
10-09-2023,36308.8116177301,2006 M3,32882,-9.27,-9.29,-10.29
11-19-2023,36742.41650605727,2006 M3,32882,-9.27,-9.29,-10.29
12-30-2023,37169.127466091246,2006 M3,32882,-9.27,-9.29,-10.29
02-09-2024,33097.88513101767,2006 M3,32882,-9.27,-9.29,-10.29
03-21-2024,32985.0722345836,2006 M3,32882,-9.27,-9.29,-10.29
05-01-2024,33259.45601851852,2006 M3,32882,-9.27,-9.29,-10.29
06-11-2024,30690.46449026346,2006 M3,32882,-9.27,-9.29,-10.29
07-22-2024,32833.452264381885,2006 M3,32882,-9.27,-9.29,-10.29
09-01-2024,36159.0616851369,2006 M3,32882,-9.27,-9.29,-10.29
10-12-2024,36414.933809432514,2006 M3,32882,-9.27,-9.29,-10.29
11-22-2024,35710.55733229329,2006 M3,32882,-9.27,-9.29,-10.29
01-02-2014,67520.45332375872,2013 M3,46350,1.68,-0.54,5.61
02-12-2014,66897.4209039548,2013 M3,46350,1.68,-0.54,5.61
03-25-2014,65870.00522482584,2013 M3,46350,1.68,-0.54,5.61
05-05-2014,65154.77714019851,2013 M3,46350,1.68,-0.54,5.61
06-15-2014,65040.37137921871,2013 M3,46350,1.68,-0.54,5.61
07-26-2014,64297.22079562197,2013 M3,46350,1.68,-0.54,5.61
09-05-2014,63398.26681974742,2013 M3,46350,1.68,-0.54,5.61
10-16-2014,62000.6412521815,2013 M3,46350,1.68,-0.54,5.61
11-26-2014,60704.15197931172,2013 M3,46350,1.68,-0.54,5.61
01-06-2015,60321.50580116023,2013 M3,46350,1.68,-0.54,5.61
02-16-2015,58697.02369325375,2013 M3,46350,1.68,-0.54,5.61
03-29-2015,57621.43056309976,2013 M3,46350,1.68,-0.54,5.61
05-09-2015,56598.608802177856,2013 M3,46350,1.68,-0.54,5.61
06-19-2015,56688.785530821915,2013 M3,46350,1.68,-0.54,5.61
07-30-2015,55236.41045498548,2013 M3,46350,1.68,-0.54,5.61
09-09-2015,53215.2844812705,2013 M3,46350,1.68,-0.54,5.61
10-20-2015,52155.825891562774,2013 M3,46350,1.68,-0.54,5.61
11-30-2015,50790.988373665,2013 M3,46350,1.68,-0.54,5.61
01-10-2016,49283.960514696606,2013 M3,46350,1.68,-0.54,5.61
02-20-2016,48965.86326904428,2013 M3,46350,1.68,-0.54,5.61
04-01-2016,47880.42502722982,2013 M3,46350,1.68,-0.54,5.61
05-12-2016,47384.93030612245,2013 M3,46350,1.68,-0.54,5.61
06-22-2016,47826.15776028721,2013 M3,46350,1.68,-0.54,5.61
08-02-2016,49151.90979693383,2013 M3,46350,1.68,-0.54,5.61
09-12-2016,48273.14535065748,2013 M3,46350,1.68,-0.54,5.61
10-23-2016,46937.83225158916,2013 M3,46350,1.68,-0.54,5.61
12-03-2016,45554.90228591733,2013 M3,46350,1.68,-0.54,5.61
01-13-2017,44059.17977736549,2013 M3,46350,1.68,-0.54,5.61
02-23-2017,43101.58850340136,2013 M3,46350,1.68,-0.54,5.61
04-05-2017,42650.947059317055,2013 M3,46350,1.68,-0.54,5.61
05-16-2017,42310.71648268704,2013 M3,46350,1.68,-0.54,5.61
06-26-2017,42540.39196160768,2013 M3,46350,1.68,-0.54,5.61
08-06-2017,43144.437952646236,2013 M3,46350,1.68,-0.54,5.61
09-16-2017,42628.622039565336,2013 M3,46350,1.68,-0.54,5.61
10-27-2017,42060.95146424855,2013 M3,46350,1.68,-0.54,5.61
12-07-2017,41145.232351225204,2013 M3,46350,1.68,-0.54,5.61
01-17-2018,40321.518253726805,2013 M3,46350,1.68,-0.54,5.61
02-27-2018,39441.621111945904,2013 M3,46350,1.68,-0.54,5.61
04-09-2018,38272.80519685039,2013 M3,46350,1.68,-0.54,5.61
05-20-2018,38212.04114591787,2013 M3,46350,1.68,-0.54,5.61
06-30-2018,38413.65797983641,2013 M3,46350,1.68,-0.54,5.61
08-10-2018,38950.74653361345,2013 M3,46350,1.68,-0.54,5.61
09-20-2018,38236.921941602726,2013 M3,46350,1.68,-0.54,5.61
10-31-2018,38134.8692322796,2013 M3,46350,1.68,-0.54,5.61
12-11-2018,37651.6413699771,2013 M3,46350,1.68,-0.54,5.61
01-21-2019,36509.45793745051,2013 M3,46350,1.68,-0.54,5.61
03-03-2019,35555.8520945007,2013 M3,46350,1.68,-0.54,5.61
04-13-2019,36046.407490168036,2013 M3,46350,1.68,-0.54,5.61
05-24-2019,35575.67931456548,2013 M3,46350,1.68,-0.54,5.61
07-04-2019,34924.79057899902,2013 M3,46350,1.68,-0.54,5.61
08-14-2019,34018.36738756187,2013 M3,46350,1.68,-0.54,5.61
09-24-2019,34641.71001374885,2013 M3,46350,1.68,-0.54,5.61
11-04-2019,34306.948119498535,2013 M3,46350,1.68,-0.54,5.61
12-15-2019,33767.3251369863,2013 M3,46350,1.68,-0.54,5.61
01-25-2020,33423.92336182336,2013 M3,46350,1.68,-0.54,5.61
03-06-2020,33554.21119133574,2013 M3,46350,1.68,-0.54,5.61
04-16-2020,33393.42159056998,2013 M3,46350,1.68,-0.54,5.61
05-27-2020,33419.38549393122,2013 M3,46350,1.68,-0.54,5.61
07-07-2020,33586.7358691444,2013 M3,46350,1.68,-0.54,5.61
08-17-2020,35556.00883116883,2013 M3,46350,1.68,-0.54,5.61
09-27-2020,36834.95656727452,2013 M3,46350,1.68,-0.54,5.61
11-07-2020,38509.52135466795,2013 M3,46350,1.68,-0.54,5.61
12-18-2020,39129.10892282958,2013 M3,46350,1.68,-0.54,5.61
01-28-2021,37968.10145975802,2013 M3,46350,1.68,-0.54,5.61
03-10-2021,38413.14550830398,2013 M3,46350,1.68,-0.54,5.61
04-20-2021,42285.74779275093,2013 M3,46350,1.68,-0.54,5.61
05-31-2021,42571.24896148036,2013 M3,46350,1.68,-0.54,5.61
07-11-2021,45481.136014248215,2013 M3,46350,1.68,-0.54,5.61
08-21-2021,44837.363299187564,2013 M3,46350,1.68,-0.54,5.61
10-01-2021,44898.4146090535,2013 M3,46350,1.68,-0.54,5.61
11-11-2021,44259.21137899263,2013 M3,46350,1.68,-0.54,5.61
12-22-2021,43012.7170580561,2013 M3,46350,1.68,-0.54,5.61
02-01-2022,44215.2484375,2013 M3,46350,1.68,-0.54,5.61
03-14-2022,43344.24199084668,2013 M3,46350,1.68,-0.54,5.61
04-24-2022,43649.302690226046,2013 M3,46350,1.68,-0.54,5.61
06-04-2022,45517.04792708027,2013 M3,46350,1.68,-0.54,5.61
07-15-2022,46238.62520498524,2013 M3,46350,1.68,-0.54,5.61
08-25-2022,47522.61889918062,2013 M3,46350,1.68,-0.54,5.61
10-05-2022,47795.68799782766,2013 M3,46350,1.68,-0.54,5.61
11-15-2022,47462.430674518204,2013 M3,46350,1.68,-0.54,5.61
12-26-2022,49713.91260691707,2013 M3,46350,1.68,-0.54,5.61
02-05-2023,48946.75741318767,2013 M3,46350,1.68,-0.54,5.61
03-18-2023,46596.28782830263,2013 M3,46350,1.68,-0.54,5.61
04-28-2023,45324.05461113472,2013 M3,46350,1.68,-0.54,5.61
06-08-2023,43543.824970367445,2013 M3,46350,1.68,-0.54,5.61
07-19-2023,44519.722127659574,2013 M3,46350,1.68,-0.54,5.61
08-29-2023,45096.953493265995,2013 M3,46350,1.68,-0.54,5.61
10-09-2023,47348.059030837,2013 M3,46350,1.68,-0.54,5.61
11-19-2023,46780.84630314233,2013 M3,46350,1.68,-0.54,5.61
12-30-2023,44542.71347438753,2013 M3,46350,1.68,-0.54,5.61
02-09-2024,42916.417232597625,2013 M3,46350,1.68,-0.54,5.61
03-21-2024,40792.936433793664,2013 M3,46350,1.68,-0.54,5.61
05-01-2024,43223.05969720199,2013 M3,46350,1.68,-0.54,5.61
06-11-2024,45440.3823269774,2013 M3,46350,1.68,-0.54,5.61
07-22-2024,46863.19572708477,2013 M3,46350,1.68,-0.54,5.61
09-01-2024,48229.78692125718,2013 M3,46350,1.68,-0.54,5.61
10-12-2024,46904.666336633665,2013 M3,46350,1.68,-0.54,5.61
11-22-2024,46759.50616893388,2013 M3,46350,1.68,-0.54,5.61
01-02-2014,49900.0,1989 M3,140856,5.21,66.01,40.87
09-05-2014,49800.0,1989 M3,140856,5.21,66.01,40.87
10-16-2014,49800.0,1989 M3,140856,5.21,66.01,40.87
01-06-2015,47728.8,1989 M3,140856,5.21,66.01,40.87
02-16-2015,47495.0,1989 M3,140856,5.21,66.01,40.87
03-29-2015,47741.971830985916,1989 M3,140856,5.21,66.01,40.87
05-09-2015,50000.0,1989 M3,140856,5.21,66.01,40.87
06-19-2015,62432.391304347824,1989 M3,140856,5.21,66.01,40.87
07-30-2015,39995.0,1989 M3,140856,5.21,66.01,40.87
09-09-2015,42260.28301886792,1989 M3,140856,5.21,66.01,40.87
10-20-2015,44925.27777777778,1989 M3,140856,5.21,66.01,40.87
11-30-2015,36710.44776119403,1989 M3,140856,5.21,66.01,40.87
01-10-2016,53829.14893617021,1989 M3,140856,5.21,66.01,40.87
02-20-2016,57633.28125,1989 M3,140856,5.21,66.01,40.87
04-01-2016,62052.08396464647,1989 M3,140856,5.21,66.01,40.87
05-12-2016,62918.10975609756,1989 M3,140856,5.21,66.01,40.87
06-22-2016,61442.5,1989 M3,140856,5.21,66.01,40.87
08-02-2016,61442.5,1989 M3,140856,5.21,66.01,40.87
09-12-2016,64407.16216216216,1989 M3,140856,5.21,66.01,40.87
10-23-2016,86994.28571428571,1989 M3,140856,5.21,66.01,40.87
12-03-2016,74712.6530612245,1989 M3,140856,5.21,66.01,40.87
01-13-2017,67134.2,1989 M3,140856,5.21,66.01,40.87
02-23-2017,62403.65853658537,1989 M3,140856,5.21,66.01,40.87
04-05-2017,62750.0,1989 M3,140856,5.21,66.01,40.87
05-16-2017,57840.50375,1989 M3,140856,5.21,66.01,40.87
06-26-2017,56183.34747023809,1989 M3,140856,5.21,66.01,40.87
08-06-2017,72219.99320652174,1989 M3,140856,5.21,66.01,40.87
09-16-2017,67158.16981132075,1989 M3,140856,5.21,66.01,40.87
10-27-2017,67193.12307363014,1989 M3,140856,5.21,66.01,40.87
12-07-2017,67956.11173184357,1989 M3,140856,5.21,66.01,40.87
01-17-2018,70174.2307464455,1989 M3,140856,5.21,66.01,40.87
02-27-2018,65278.31669776119,1989 M3,140856,5.21,66.01,40.87
04-09-2018,71411.43324416342,1989 M3,140856,5.21,66.01,40.87
05-20-2018,78799.24551282052,1989 M3,140856,5.21,66.01,40.87
06-30-2018,85957.9466080402,1989 M3,140856,5.21,66.01,40.87
08-10-2018,89527.89366515836,1989 M3,140856,5.21,66.01,40.87
09-20-2018,86374.0,1989 M3,140856,5.21,66.01,40.87
10-31-2018,86260.48649878641,1989 M3,140856,5.21,66.01,40.87
12-11-2018,87674.08373205742,1989 M3,140856,5.21,66.01,40.87
01-21-2019,95492.5,1989 M3,140856,5.21,66.01,40.87
03-03-2019,91214.78260869565,1989 M3,140856,5.21,66.01,40.87
04-13-2019,89239.49438202247,1989 M3,140856,5.21,66.01,40.87
05-24-2019,88394.61174242424,1989 M3,140856,5.21,66.01,40.87
07-04-2019,76502.74869791667,1989 M3,140856,5.21,66.01,40.87
08-14-2019,71798.97621058559,1989 M3,140856,5.21,66.01,40.87
09-24-2019,70749.86591409691,1989 M3,140856,5.21,66.01,40.87
11-04-2019,70216.24658703072,1989 M3,140856,5.21,66.01,40.87
12-15-2019,77349.26482142857,1989 M3,140856,5.21,66.01,40.87
01-25-2020,77002.35175304877,1989 M3,140856,5.21,66.01,40.87
03-06-2020,75538.90777439025,1989 M3,140856,5.21,66.01,40.87
04-16-2020,72869.22549019608,1989 M3,140856,5.21,66.01,40.87
05-27-2020,70439.39182692308,1989 M3,140856,5.21,66.01,40.87
07-07-2020,72354.58782894736,1989 M3,140856,5.21,66.01,40.87
08-17-2020,85900.0,1989 M3,140856,5.21,66.01,40.87
09-27-2020,80583.26519691781,1989 M3,140856,5.21,66.01,40.87
11-07-2020,78919.56398026316,1989 M3,140856,5.21,66.01,40.87
12-18-2020,74202.35337334438,1989 M3,140856,5.21,66.01,40.87
01-28-2021,78256.02544642857,1989 M3,140856,5.21,66.01,40.87
03-10-2021,85071.34545693277,1989 M3,140856,5.21,66.01,40.87
04-20-2021,88496.89024390244,1989 M3,140856,5.21,66.01,40.87
05-31-2021,86205.82089552238,1989 M3,140856,5.21,66.01,40.87
07-11-2021,94428.57142857143,1989 M3,140856,5.21,66.01,40.87
08-21-2021,94900.0,1989 M3,140856,5.21,66.01,40.87
10-01-2021,94900.0,1989 M3,140856,5.21,66.01,40.87
11-11-2021,99119.88722826086,1989 M3,140856,5.21,66.01,40.87
12-22-2021,94511.02717391304,1989 M3,140856,5.21,66.01,40.87
02-01-2022,95009.49246987952,1989 M3,140856,5.21,66.01,40.87
03-14-2022,94900.0,1989 M3,140856,5.21,66.01,40.87
04-24-2022,94900.0,1989 M3,140856,5.21,66.01,40.87
06-04-2022,94900.0,1989 M3,140856,5.21,66.01,40.87
07-15-2022,94900.0,1989 M3,140856,5.21,66.01,40.87
08-25-2022,96783.78378378379,1989 M3,140856,5.21,66.01,40.87
10-05-2022,94900.0,1989 M3,140856,5.21,66.01,40.87
11-15-2022,94900.0,1989 M3,140856,5.21,66.01,40.87
12-26-2022,86996.77966101695,1989 M3,140856,5.21,66.01,40.87
02-05-2023,86406.55737704918,1989 M3,140856,5.21,66.01,40.87
03-18-2023,94900.0,1989 M3,140856,5.21,66.01,40.87
04-28-2023,90927.69230769231,1989 M3,140856,5.21,66.01,40.87
06-08-2023,88167.0,1989 M3,140856,5.21,66.01,40.87
07-19-2023,95811.24426605504,1989 M3,140856,5.21,66.01,40.87
08-29-2023,88222.62327586208,1989 M3,140856,5.21,66.01,40.87
10-09-2023,84378.25,1989 M3,140856,5.21,66.01,40.87
11-19-2023,85345.0,1989 M3,140856,5.21,66.01,40.87
12-30-2023,90184.375,1989 M3,140856,5.21,66.01,40.87
02-09-2024,99990.0,1989 M3,140856,5.21,66.01,40.87
03-21-2024,112799.47222222222,1989 M3,140856,5.21,66.01,40.87
05-01-2024,107119.3090909091,1989 M3,140856,5.21,66.01,40.87
06-11-2024,95686.41791044777,1989 M3,140856,5.21,66.01,40.87
07-22-2024,90496.23076923077,1989 M3,140856,5.21,66.01,40.87
09-01-2024,84525.12280701754,1989 M3,140856,5.21,66.01,40.87
10-12-2024,102671.67741935483,1989 M3,140856,5.21,66.01,40.87
11-22-2024,134324.34146341463,1989 M3,140856,5.21,66.01,40.87
01-02-2014,9630.112712975098,1999 M3,26131,2.36,7.06,19.36
02-12-2014,9426.132249810462,1999 M3,26131,2.36,7.06,19.36
03-25-2014,9660.381632975363,1999 M3,26131,2.36,7.06,19.36
05-05-2014,9809.404901564185,1999 M3,26131,2.36,7.06,19.36
06-15-2014,10623.038681490943,1999 M3,26131,2.36,7.06,19.36
07-26-2014,9901.809953703703,1999 M3,26131,2.36,7.06,19.36
09-05-2014,10141.264919051206,1999 M3,26131,2.36,7.06,19.36
10-16-2014,9658.751017857143,1999 M3,26131,2.36,7.06,19.36
11-26-2014,9794.90083828523,1999 M3,26131,2.36,7.06,19.36
01-06-2015,9390.267118768328,1999 M3,26131,2.36,7.06,19.36
02-16-2015,9557.087681320309,1999 M3,26131,2.36,7.06,19.36
03-29-2015,9654.76184690158,1999 M3,26131,2.36,7.06,19.36
05-09-2015,10259.657090268885,1999 M3,26131,2.36,7.06,19.36
06-19-2015,9696.245293923383,1999 M3,26131,2.36,7.06,19.36
07-30-2015,10046.951037765293,1999 M3,26131,2.36,7.06,19.36
09-09-2015,10206.678134498481,1999 M3,26131,2.36,7.06,19.36
10-20-2015,9885.452302631578,1999 M3,26131,2.36,7.06,19.36
11-30-2015,9745.329369665718,1999 M3,26131,2.36,7.06,19.36
01-10-2016,9528.481758165393,1999 M3,26131,2.36,7.06,19.36
02-20-2016,10113.713450647248,1999 M3,26131,2.36,7.06,19.36
04-01-2016,11861.517398466918,1999 M3,26131,2.36,7.06,19.36
05-12-2016,12844.575329912024,1999 M3,26131,2.36,7.06,19.36
06-22-2016,13209.439010629005,1999 M3,26131,2.36,7.06,19.36
08-02-2016,13385.980219072166,1999 M3,26131,2.36,7.06,19.36
09-12-2016,13590.430791347208,1999 M3,26131,2.36,7.06,19.36
10-23-2016,14034.65418685645,1999 M3,26131,2.36,7.06,19.36
12-03-2016,14191.362075242718,1999 M3,26131,2.36,7.06,19.36
01-13-2017,13872.536381224765,1999 M3,26131,2.36,7.06,19.36
02-23-2017,12663.116354875283,1999 M3,26131,2.36,7.06,19.36
04-05-2017,12236.763444170772,1999 M3,26131,2.36,7.06,19.36
05-16-2017,12126.017244616925,1999 M3,26131,2.36,7.06,19.36
06-26-2017,12848.81349469496,1999 M3,26131,2.36,7.06,19.36
08-06-2017,12451.540841238839,1999 M3,26131,2.36,7.06,19.36
09-16-2017,11982.359954967249,1999 M3,26131,2.36,7.06,19.36
10-27-2017,10912.886375190647,1999 M3,26131,2.36,7.06,19.36
12-07-2017,10532.20686431624,1999 M3,26131,2.36,7.06,19.36
01-17-2018,10533.5081545858,1999 M3,26131,2.36,7.06,19.36
02-27-2018,11246.282755761173,1999 M3,26131,2.36,7.06,19.36
04-09-2018,11625.161099894663,1999 M3,26131,2.36,7.06,19.36
05-20-2018,10980.85480456026,1999 M3,26131,2.36,7.06,19.36
06-30-2018,11545.36503537736,1999 M3,26131,2.36,7.06,19.36
08-10-2018,11518.279190172208,1999 M3,26131,2.36,7.06,19.36
09-20-2018,11832.382956448912,1999 M3,26131,2.36,7.06,19.36
10-31-2018,12572.300626145388,1999 M3,26131,2.36,7.06,19.36
12-11-2018,11755.771793948126,1999 M3,26131,2.36,7.06,19.36
01-21-2019,10866.45494364754,1999 M3,26131,2.36,7.06,19.36
03-03-2019,10934.224037547528,1999 M3,26131,2.36,7.06,19.36
04-13-2019,12026.649549875829,1999 M3,26131,2.36,7.06,19.36
05-24-2019,12060.54537470726,1999 M3,26131,2.36,7.06,19.36
07-04-2019,13204.479673672566,1999 M3,26131,2.36,7.06,19.36
08-14-2019,12853.84925725861,1999 M3,26131,2.36,7.06,19.36
09-24-2019,13642.530383039091,1999 M3,26131,2.36,7.06,19.36
11-04-2019,13132.110405336505,1999 M3,26131,2.36,7.06,19.36
12-15-2019,13817.294398488562,1999 M3,26131,2.36,7.06,19.36
01-25-2020,15326.23134086189,1999 M3,26131,2.36,7.06,19.36
03-06-2020,15453.465309307605,1999 M3,26131,2.36,7.06,19.36
04-16-2020,14366.04968220339,1999 M3,26131,2.36,7.06,19.36
05-27-2020,15622.50242003367,1999 M3,26131,2.36,7.06,19.36
07-07-2020,14905.949451754386,1999 M3,26131,2.36,7.06,19.36
08-17-2020,16414.218294460643,1999 M3,26131,2.36,7.06,19.36
09-27-2020,16659.522673766816,1999 M3,26131,2.36,7.06,19.36
11-07-2020,17883.549606199187,1999 M3,26131,2.36,7.06,19.36
12-18-2020,19062.057394641,1999 M3,26131,2.36,7.06,19.36
01-28-2021,19513.626642520216,1999 M3,26131,2.36,7.06,19.36
03-10-2021,18972.985838498622,1999 M3,26131,2.36,7.06,19.36
04-20-2021,18879.274662990196,1999 M3,26131,2.36,7.06,19.36
05-31-2021,20915.828464182345,1999 M3,26131,2.36,7.06,19.36
07-11-2021,21088.361621900825,1999 M3,26131,2.36,7.06,19.36
08-21-2021,21147.82545632334,1999 M3,26131,2.36,7.06,19.36
10-01-2021,23119.27180232558,1999 M3,26131,2.36,7.06,19.36
11-11-2021,21262.48275683513,1999 M3,26131,2.36,7.06,19.36
12-22-2021,20071.1875,1999 M3,26131,2.36,7.06,19.36
02-01-2022,20659.076968503938,1999 M3,26131,2.36,7.06,19.36
03-14-2022,20152.68117408907,1999 M3,26131,2.36,7.06,19.36
04-24-2022,20216.529819139196,1999 M3,26131,2.36,7.06,19.36
06-04-2022,20878.781080531455,1999 M3,26131,2.36,7.06,19.36
07-15-2022,21939.04685894142,1999 M3,26131,2.36,7.06,19.36
08-25-2022,24443.63792922948,1999 M3,26131,2.36,7.06,19.36
10-05-2022,23379.569628647216,1999 M3,26131,2.36,7.06,19.36
11-15-2022,23471.80042870036,1999 M3,26131,2.36,7.06,19.36
12-26-2022,22996.55465,1999 M3,26131,2.36,7.06,19.36
02-05-2023,24813.653919380253,1999 M3,26131,2.36,7.06,19.36
03-18-2023,25810.226456447963,1999 M3,26131,2.36,7.06,19.36
04-28-2023,27553.2554402834,1999 M3,26131,2.36,7.06,19.36
06-08-2023,27582.429161162483,1999 M3,26131,2.36,7.06,19.36
07-19-2023,27905.138568683957,1999 M3,26131,2.36,7.06,19.36
08-29-2023,26961.127403846152,1999 M3,26131,2.36,7.06,19.36
10-09-2023,24970.76902788244,1999 M3,26131,2.36,7.06,19.36
11-19-2023,24934.693135707847,1999 M3,26131,2.36,7.06,19.36
12-30-2023,22555.774102870815,1999 M3,26131,2.36,7.06,19.36
02-09-2024,23942.01109279919,1999 M3,26131,2.36,7.06,19.36
03-21-2024,23129.74131455399,1999 M3,26131,2.36,7.06,19.36
05-01-2024,21772.8452136401,1999 M3,26131,2.36,7.06,19.36
06-11-2024,21679.20102694346,1999 M3,26131,2.36,7.06,19.36
07-22-2024,23872.296262534182,1999 M3,26131,2.36,7.06,19.36
09-01-2024,24962.68730650155,1999 M3,26131,2.36,7.06,19.36
10-12-2024,24089.593008072174,1999 M3,26131,2.36,7.06,19.36
11-22-2024,24562.005286654134,1999 M3,26131,2.36,7.06,19.36
07-19-2023,124051.92307692308,2024 M3,91600,-3.28,-6.02,-19.42
08-29-2023,130410.66666666667,2024 M3,91600,-3.28,-6.02,-19.42
10-09-2023,127777.1355140187,2024 M3,91600,-3.28,-6.02,-19.42
11-19-2023,128537.40514469454,2024 M3,91600,-3.28,-6.02,-19.42
12-30-2023,113010.87678571428,2024 M3,91600,-3.28,-6.02,-19.42
02-09-2024,103687.63997477932,2024 M3,91600,-3.28,-6.02,-19.42
03-21-2024,94733.86981465136,2024 M3,91600,-3.28,-6.02,-19.42
05-01-2024,95090.4873358349,2024 M3,91600,-3.28,-6.02,-19.42
06-11-2024,95828.9892165493,2024 M3,91600,-3.28,-6.02,-19.42
07-22-2024,99698.06693892046,2024 M3,91600,-3.28,-6.02,-19.42
09-01-2024,99769.73448461953,2024 M3,91600,-3.28,-6.02,-19.42
10-12-2024,97038.99528542304,2024 M3,91600,-3.28,-6.02,-19.42
11-22-2024,95346.90266692622,2024 M3,91600,-3.28,-6.02,-19.42